Прошивки;
EOM ARM Фаза A       ; 
EOM ARM Фаза B       ; 
EOM ARM Фаза C       ; sam7x256_eom_v1.5.1.bin
EOM DSP Фаза A       ; 
EOM DSP Фаза B       ; 
EOM DSP Фаза C       ; adsp21364_eom_v2.2.1.ldr
EOM FPGA Фаза A      ; 
EOM FPGA Фаза B      ; 
EOM FPGA Фаза C      ; xc3s_eom_v1.1.0.bit
Термометр ARM        ; sam3x4e_termometr_v1.5.1.bin
MU                   ; sam3x4e_mu_v1.5.3.bin
Вольтметр ARM        ; 
Вольтметр DSP        ; 
Вольтметр FPGA       ; 
MO                   ; 
Быстрые клеммники    ; 
;
;
===========================;
;
;
;
Резервные регистры;
;
;
Интерпретация данных;
;
Значения регистров;
;
;
===========================;
;
;
;
Параметры;
;
Данные ЭОБ;
;
Данные ЭОБ: Название подстанции                                                                      ; 
Данные ЭОБ: Тип присоединения                                                                        ; 
Данные ЭОБ: Тип трансформатора                                                                       ; 
Данные ЭОБ: Зав. номер трансформатора                                                                ; 
Данные ЭОБ: Зав. номер колонны A                                                                     ; 
Данные ЭОБ: Зав. номер колонны B                                                                     ; 
Данные ЭОБ: Зав. номер колонны C                                                                     ; 
Данные ЭОБ: Зав. номер платы EOM Фаза А                                                              ; 
Данные ЭОБ: Зав. номер платы EOM Фаза B                                                              ; 
Данные ЭОБ: Зав. номер платы EOM Фаза C                                                              ; 
Данные ЭОБ: Зав. номер платы термометра                                                              ; 
Данные ЭОБ: Зав. номер кросс-платы                                                                   ; 
Данные ЭОБ: Зав. номер платы 61850                                                                   ; 
Данные ЭОБ: Зав. номер платы клеммников                                                              ; 
Данные ЭОБ: Зав. номер платы клавиатуры                                                              ; 
Данные ЭОБ: Зав. номер платы MU                                                                      ; 
Данные ЭОБ: Зав. номер платы вольтметра                                                              ; 
;
:                                                                                                    ; 
:                                                                                                    ; 
;
;
===========================;
;
Конфигурация прибора;
;
Конфигурация MU: Использовать килоамперы для вывода в меню                                           ; Выкл.
Конфигурация MU: Использовать данные 61850                                                           ; Выкл.
Конфигурация MU: Установлена плата EOM Фаза А                                                        ; Выкл.
Конфигурация MU: Установлена плата EOM Фаза B                                                        ; Выкл.
Конфигурация MU: Установлена плата EOM Фаза С                                                        ; Вкл.
Конфигурация MU: Установлена плата термометра                                                        ; Вкл.
Конфигурация MU: Установлена плата 61850                                                             ; Выкл.
Конфигурация MU: Установлена плата клавиатуры с двуцветными светодиодами                             ; Выкл.
Конфигурация MU: Используется ЦАПТ                                                                   ; Выкл.
Конфигурация MU: Скрыть хэш-сумму прошивки                                                           ; Выкл.
Конфигурация MU: Используется резервное питание                                                      ; Выкл.
Конфигурация MU: Используется мониторинг питания                                                     ; Вкл.
Конфигурация MU: Мониторинг по внутреннему питанию                                                   ; Вкл.
Конфигурация MU: Установлена плата Напряжения Фаза А                                                 ; Выкл.
Конфигурация MU: Установлена плата Напряжения Фаза B                                                 ; Выкл.
Конфигурация MU: Установлена плата Напряжения Фаза С                                                 ; Выкл.
Конфигурация MU: Установлена плата МО                                                                ; Выкл.
Конфигурация MU: Игнорировать диагностику температуры колонны (напряжение)                           ; Выкл.
Конфигурация MU: Игнорировать диагностику датчика влажности (напряжение)                             ; Выкл.
Конфигурация MU: Использовать киловольты для вывода в меню                                           ; Выкл.
Конфигурация MU: Отключить отображение диагностики Транснефть (напряжение)                           ; Выкл.
"Конфигурация MU: Использовать двуцветные светодиоды как одноцветные (""Светофор"")                     "; Выкл.
Конфигурация MU: Демонстрационный режим                                                              ; Выкл.
Конфигурация MU: Отображать температуру от термометра в градусах Цельсия                             ; Вкл.
Конфигурация MU: Скрыть дату и время из меню                                                         ; Выкл.
Конфигурация MU: Автомасштабирование значений тока (амперы/килоамперы)                               ; Вкл.
Конфигурация MU: Автомасштабирование значений напряжения (вольты/киловольты)                         ; Выкл.
Конфигурация MU: Установлен внешний термометр                                                        ; Выкл.
Конфигурация MU: Режим отладки АБТ                                                                   ; Выкл.
Конфигурация MU: Игнорировать диагностику синхронизации 61850                                        ; Выкл.
Конфигурация MU: Отображать пользовательский коэффициент в главном меню прибора                      ; Выкл.
Конфигурация MU: Установлена плата Inter ADC Фаза N                                                  ; Выкл.
Конфигурация MU: Установлена плата Inter ADC Фаза A                                                  ; Выкл.
Конфигурация MU: Установлена плата Inter ADC Фаза B                                                  ; Выкл.
Конфигурация MU: Установлена плата Inter ADC Фаза C                                                  ; Выкл.
Конфигурация MU: Игнорировать диагностику флагов напряжения                                          ; Выкл.
Конфигурация MU: Разрешить управление аналаговыми выходами                                           ; Выкл.
Конфигурация MU: Разрешить суммирование токов на клеммниках                                          ; Выкл.
Конфигурация MU: Разрешить изменение количества витков пользователем                                 ; Выкл.
Конфигурация MU: Скрыть меню настроек в главном меню прибора                                         ; Выкл.
Конфигурация MU: Игнорировать диагностику лазерного излучателя                                       ; Вкл.
Конфигурация MU: Реле Иркутских клеммников выводит только превышение тока                            ; Выкл.
Конфигурация MU: Включить контроль RMS 61850                                                         ; Выкл.
Конфигурация MU: Обмен данными температуры колонны между блоками                                     ; Выкл.
Конфигурация MU: Отображать статусы журналов и авторизации в меню прибора                            ; Выкл.
Конфигурация MU: Режим отладки выхода за границу таблицы                                             ; Выкл.
Конфигурация MU: Тип клеммников                                                                      ; Красноярск(3 частотных, 1 токовый, MODBUS, 1 импульсный выход)
Конфигурация MU: Адрес устройства ModBus                                                             ;2
Конфигурация MU: Язык интерфейса меню                                                                ; Русский
Конфигурация MU: Источник температуры EOM Фаза A                                                     ; Не используется
Конфигурация MU: Источник температуры EOM Фаза B                                                     ; Не используется
Конфигурация MU: Источник температуры EOM Фаза C                                                     ; Фаза C
Конфигурация MU: Выбор режима работы внешнего CAN                                                    ; Не используется
Конфигурация MU: Номинал напряжения питания, В                                                       ;34
Конфигурация MU: Порог срабатывания                                                                  ;0.8
Конфигурация MU: Длительность скользящего окна, мс                                                   ;3
Конфигурация MU: Протокол 61850                                                                      ; По умолчанию (старый)
Конфигурация MU: RMS Уровень срабатывания                                                            ;0
Конфигурация MU: RMS Минимальное напряжение                                                          ;0
Конфигурация MU: Уровень журнала безопасности, %                                                     ;0
Конфигурация MU: Уровень операционного журнала, %                                                    ;0
Конфигурация MU: Псевдоним Фазы A (ток)                                                              ; 
Конфигурация MU: Псевдоним Фазы B (ток)                                                              ; 
Конфигурация MU: Псевдоним Фазы C (ток)                                                              ; Ток
Конфигурация MU: Псевдоним Фазы A (напряжение)                                                       ; 
Конфигурация MU: Псевдоним Фазы B (напряжение)                                                       ; 
Конфигурация MU: Псевдоним Фазы C (напряжение)                                                       ; 
Конфигурация MU: Псевдоним Фазы 0 (InterADC)                                                         ; 
Конфигурация MU: Псевдоним Фазы A (InterADC)                                                         ; 
Конфигурация MU: Псевдоним Фазы B (InterADC)                                                         ; 
Конфигурация MU: Псевдоним Фазы C (InterADC)                                                         ; 
;
Веб-интерфейс: Веб-интерфейс                                                                         ; Enable
Веб-интерфейс: LE MAC Address                                                                        ; 02:00:05:00:30:30
Веб-интерфейс: LEP MAC Address                                                                       ; 00:00:00:00:00:00
Веб-интерфейс: MMS MAC Address                                                                       ; 00:02:00:00:00:02
;
;
===========================;
;
Диагностика ЕОМ Фаза C;
;
Диагностические параметры (EOM Фаза С): Статус                                                       ;0
Диагностические параметры (EOM Фаза С): Ток                                                          ;1.04587
Диагностические параметры (EOM Фаза С): Гармоника 0                                                  ;2.72031
Диагностические параметры (EOM Фаза С): Гармоника 1                                                  ;1,00E-05
Диагностические параметры (EOM Фаза С): Гармоника 2                                                  ;2.58185
Диагностические параметры (EOM Фаза С): Гармоника 4                                                  ;0.20772
Диагностические параметры (EOM Фаза С): Max. Current                                                 ;48499
Диагностические параметры (EOM Фаза С): Контраст                                                     ;86.8772
Диагностические параметры (EOM Фаза С): Фи                                                           ;1.83947
Диагностические параметры (EOM Фаза С): Umod                                                         ;6.85547
Диагностические параметры (EOM Фаза С): Max. First Amp                                               ;2.99707
Диагностические параметры (EOM Фаза С): Max. ADC                                                     ;3.93164
Диагностические параметры (EOM Фаза С): Mod. Ret.                                                    ;0.02051
Диагностические параметры (EOM Фаза С): Uref DAC                                                     ;2.4668
Диагностические параметры (EOM Фаза С): Mod U15                                                      ;2.31152
Диагностические параметры (EOM Фаза С): Analog U12                                                   ;1.90723
Диагностические параметры (EOM Фаза С): Input U12                                                    ;1.98633
Диагностические параметры (EOM Фаза С): Tin                                                          ;47.5
Диагностические параметры (EOM Фаза С): Флаги тока                                                   ;128
Диагностические параметры (EOM Фаза С): Темп. Коррекции                                              ;23.0389
;
Счетчики и флаги отладки АБТ (EOM Фаза С): Флаги                                                     ;0
Счетчики и флаги отладки АБТ (EOM Фаза С): U0                                                        ;0
Счетчики и флаги отладки АБТ (EOM Фаза С): P0_1                                                      ;0
Счетчики и флаги отладки АБТ (EOM Фаза С): P0_2                                                      ;0
Счетчики и флаги отладки АБТ (EOM Фаза С): P0_3                                                      ;0
Счетчики и флаги отладки АБТ (EOM Фаза С): P0_4                                                      ;0
Счетчики и флаги отладки АБТ (EOM Фаза С): P0_5                                                      ;0
Счетчики и флаги отладки АБТ (EOM Фаза С): U1U2_1                                                    ;0
Счетчики и флаги отладки АБТ (EOM Фаза С): U1U2_2                                                    ;0
Счетчики и флаги отладки АБТ (EOM Фаза С): U1U2_3                                                    ;0
Счетчики и флаги отладки АБТ (EOM Фаза С): U1U2_4                                                    ;0
Счетчики и флаги отладки АБТ (EOM Фаза С): U1U2_5                                                    ;0
;
Серийный номер EOM Фаза C: Серийный номер                                                            ; 
;
;
===========================;
;
Параметры ЕОМ Фаза C;
;
Оптические параметры (EOM Фаза С): Част. модуляции                                                   ;39.6
Оптические параметры (EOM Фаза С): Значение ЦАП                                                      ;0.9
Оптические параметры (EOM Фаза С): Ампл. модуляции                                                   ;0.25
Оптические параметры (EOM Фаза С): Смещение 0                                                        ;2.15965
Оптические параметры (EOM Фаза С): Смещение 1                                                        ;0
Оптические параметры (EOM Фаза С): Смещение 2                                                        ;-0.000160242
Оптические параметры (EOM Фаза С): Смещение 4                                                        ;-0.000648969
Оптические параметры (EOM Фаза С): Сдвиг фазы                                                        ;0
Оптические параметры (EOM Фаза С): K0                                                                ;1.3665
Оптические параметры (EOM Фаза С): K1                                                                ;2.9542
Оптические параметры (EOM Фаза С): K2                                                                ;3.16588
Оптические параметры (EOM Фаза С): K4                                                                ;3.3725
Оптические параметры (EOM Фаза С): V                                                                 ;0.7
Оптические параметры (EOM Фаза С): FI                                                                ;179.253
Оптические параметры (EOM Фаза С): U2 Low                                                            ;0.5
Оптические параметры (EOM Фаза С): U4 Low                                                            ;0.05
Оптические параметры (EOM Фаза С): Усил. фотоприемника                                               ;1.24
;
:                                                                                                    ; 
:                                                                                                    ; 
:                                                                                                    ; 
;
Калибровочные параметры (EOM Фаза С): K                                                              ;0
Калибровочные параметры (EOM Фаза С): N                                                              ;0
Калибровочные параметры (EOM Фаза С): Масштаб DAC                                                    ;10500
Калибровочные параметры (EOM Фаза С): Фазовая коррекция                                              ;0
Калибровочные параметры (EOM Фаза С): Номинал                                                        ;1000
Калибровочные параметры (EOM Фаза С): AmpMax                                                         ;1,00E+06
;
Полином малых токов (EOM Фаза С): PA0                                                                ;6.09596
Полином малых токов (EOM Фаза С): PA1                                                                ;1
Полином малых токов (EOM Фаза С): PA2                                                                ;-6.4E-10
Полином малых токов (EOM Фаза С): PA3                                                                ;2.52E-14
Полином малых токов (EOM Фаза С): PA4                                                                ;2.52E-20
Полином малых токов (EOM Фаза С): MA0                                                                ;8.06745
Полином малых токов (EOM Фаза С): MA1                                                                ;1.00008
Полином малых токов (EOM Фаза С): MA2                                                                ;-8.56E-10
Полином малых токов (EOM Фаза С): MA3                                                                ;1.39E-14
Полином малых токов (EOM Фаза С): MA4                                                                ;-4.33E-20
Полином малых токов (EOM Фаза С): KLinP                                                              ;1
Полином малых токов (EOM Фаза С): KLinM                                                              ;1
;
Полином больших токов (EOM Фаза С): PB0                                                              ;0
Полином больших токов (EOM Фаза С): PB1                                                              ;1
Полином больших токов (EOM Фаза С): PB2                                                              ;0
Полином больших токов (EOM Фаза С): PB3                                                              ;0
Полином больших токов (EOM Фаза С): PB4                                                              ;0
Полином больших токов (EOM Фаза С): PB5                                                              ;0
Полином больших токов (EOM Фаза С): MB0                                                              ;0
Полином больших токов (EOM Фаза С): MB1                                                              ;1
Полином больших токов (EOM Фаза С): MB2                                                              ;0
Полином больших токов (EOM Фаза С): MB3                                                              ;0
Полином больших токов (EOM Фаза С): MB4                                                              ;0
Полином больших токов (EOM Фаза С): MB5                                                              ;0
Полином больших токов (EOM Фаза С): Kch_ABT                                                          ;1
;
Линейная коррекция температуры (EOM Фаза С): Temp0                                                   ;20
Линейная коррекция температуры (EOM Фаза С): TempAlpha0                                              ;0
Линейная коррекция температуры (EOM Фаза С): TempAlpha1                                              ;0
;
Границы коррекции по температуре (EOM Фаза С): Нижняя граница                                        ;-60
Границы коррекции по температуре (EOM Фаза С): Верхняя граница                                       ;65
;
Полином коррекции по внутренней температуре (EOM Фаза С): K0                                         ;0
Полином коррекции по внутренней температуре (EOM Фаза С): K1                                         ;1
Полином коррекции по внутренней температуре (EOM Фаза С): K2                                         ;0
Полином коррекции по внутренней температуре (EOM Фаза С): K3                                         ;0
Полином коррекции по внутренней температуре (EOM Фаза С): K4                                         ;0
Полином коррекции по внутренней температуре (EOM Фаза С): K5                                         ;0
Полином коррекции по внутренней температуре (EOM Фаза С): K6                                         ;0
Полином коррекции по внутренней температуре (EOM Фаза С): K7                                         ;0
Полином коррекции по внутренней температуре (EOM Фаза С): K8                                         ;0
;
Полином коррекции по внешней температуре (EOM Фаза С): K0                                            ;0
Полином коррекции по внешней температуре (EOM Фаза С): K1                                            ;-0.000212
Полином коррекции по внешней температуре (EOM Фаза С): K2                                            ;-0.000000062
Полином коррекции по внешней температуре (EOM Фаза С): K3                                            ;2.32E-08
Полином коррекции по внешней температуре (EOM Фаза С): K4                                            ;5.37E-10
Полином коррекции по внешней температуре (EOM Фаза С): K5                                            ;1.08E-11
Полином коррекции по внешней температуре (EOM Фаза С): K6                                            ;-1.84E-13
Полином коррекции по внешней температуре (EOM Фаза С): K7                                            ;-2.73E-15
Полином коррекции по внешней температуре (EOM Фаза С): K8                                            ;2.84E-17
Полином коррекции по внешней температуре (EOM Фаза С): KToutProt                                     ;0
;
Настройки алгоритмов (EOM Фаза С): Correction by Q                                                   ; Вкл.
Настройки алгоритмов (EOM Фаза С): AC                                                                ; Выкл.
Настройки алгоритмов (EOM Фаза С): Deviation Stabilization                                           ; Вкл.
Настройки алгоритмов (EOM Фаза С): In-Phase settings OFF                                             ; Выкл.
Настройки алгоритмов (EOM Фаза С): 61850 Phase Correction                                            ; Выкл.
Настройки алгоритмов (EOM Фаза С): DAC Phase Correction                                              ; Выкл.
Настройки алгоритмов (EOM Фаза С): Lock Current 0.3%                                                 ; Выкл.
Настройки алгоритмов (EOM Фаза С): Linear Correction                                                 ; Вкл.
Настройки алгоритмов (EOM Фаза С): 24-bit amplifier                                                  ; Выкл.
Настройки алгоритмов (EOM Фаза С): Alg Correction Drop                                               ; Вкл.
Настройки алгоритмов (EOM Фаза С): 500 Hz filter                                                     ; Выкл.
Настройки алгоритмов (EOM Фаза С): Large Current                                                     ; Выкл.
Настройки алгоритмов (EOM Фаза С): Correction Poly Large Curren                                      ; Выкл.
Настройки алгоритмов (EOM Фаза С): Large Current Alg Fix                                             ; Выкл.
Настройки алгоритмов (EOM Фаза С): Включить полиномиальную коррекцию по внешней температуре          ; Вкл.
Настройки алгоритмов (EOM Фаза С): Включить полиномиальную коррекцию по внутренней темп.             ; Выкл.
Настройки алгоритмов (EOM Фаза С): Включить линейную коррекцию по внешней температуре                ; Выкл.
Настройки алгоритмов (EOM Фаза С): Перезагрузка амплитуды по счётчику                                ; Выкл.
;
Серийный номер EOM Фаза C: Серийный номер                                                            ; 
;
;
===========================;
;
Диагностика Лазерного излучателя;
;
Лазерный излучатель: Ток Лазерного Излучателя                                                        ;1072
Лазерный излучатель: Мощность Лазерного Излучателя                                                   ;14.8
Лазерный излучатель: Температура Лазерного Излучателя                                                ;38
;
;
===========================;
;
Диагностика Термометра;
;
Диагностика Термометра Фаза A (Термометр Фаза А): TK                                                 ;0
Диагностика Термометра Фаза A (Термометр Фаза А): Напр. Оп. Канала                                   ;0
Диагностика Термометра Фаза A (Термометр Фаза А): Напр. Изм. Канала                                  ;0
Диагностика Термометра Фаза A (Термометр Фаза А): Флаги TK                                           ;0
;
Диагностика Термометра Фаза B (Термометр Фаза В): TK                                                 ;0
Диагностика Термометра Фаза B (Термометр Фаза В): Напр. Оп. Канала                                   ;0
Диагностика Термометра Фаза B (Термометр Фаза В): Напр. Изм. Канала                                  ;0
Диагностика Термометра Фаза B (Термометр Фаза В): Флаги TK                                           ;0
;
Диагностика Термометра Фаза C (Термометр Фаза С): TK                                                 ;23.0388
Диагностика Термометра Фаза C (Термометр Фаза С): Напр. Оп. Канала                                   ;2352
Диагностика Термометра Фаза C (Термометр Фаза С): Напр. Изм. Канала                                  ;1434
Диагностика Термометра Фаза C (Термометр Фаза С): Флаги TK                                           ;0
;
Общие диагностические параметры (Термометр): Внутренняя температура                                  ;36.2661
Общие диагностические параметры (Термометр): Опора ЦАП0                                              ;1.24365
Общие диагностические параметры (Термометр): Опора ЦАП1                                              ;1.24219
Общие диагностические параметры (Термометр): Опора ЦАП2                                              ;1.24365
Общие диагностические параметры (Термометр): Питание 5 Вольт                                         ;1.9856
;
Серийный номер Термометр: Серийный номер                                                             ; 
;
;
===========================;
;
Параметры Термометра;
;
Настройки Термометра Фаза A (Термометр Фаза А): Усил. Оп. Канала                                     ;1
Настройки Термометра Фаза A (Термометр Фаза А): Усил. Изм. Канала                                    ;1
Настройки Термометра Фаза A (Термометр Фаза А): P                                                    ;1
Настройки Термометра Фаза A (Термометр Фаза А): V                                                    ;1
Настройки Термометра Фаза A (Термометр Фаза А): Usource                                              ;1
;
Настройки Термометра Фаза B (Термометр Фаза В): Усил. Оп. Канала                                     ;1
Настройки Термометра Фаза B (Термометр Фаза В): Усил. Изм. Канала                                    ;1
Настройки Термометра Фаза B (Термометр Фаза В): P                                                    ;1
Настройки Термометра Фаза B (Термометр Фаза В): V                                                    ;1
Настройки Термометра Фаза B (Термометр Фаза В): Usource                                              ;1
;
Настройки Термометра Фаза C (Термометр Фаза С): Усил. Оп. Канала                                     ;1.18
Настройки Термометра Фаза C (Термометр Фаза С): Усил. Изм. Канала                                    ;1.08
Настройки Термометра Фаза C (Термометр Фаза С): P                                                    ;1.66604
Настройки Термометра Фаза C (Термометр Фаза С): V                                                    ;0.718144
Настройки Термометра Фаза C (Термометр Фаза С): Usource                                              ;2.31082
;
:                                                                                                    ;-65
:                                                                                                    ;-65
:                                                                                                    ;-65
:                                                                                                    ;65
:                                                                                                    ;65
:                                                                                                    ;65
;
Серийный номер Термометр: Серийный номер                                                             ; 
;
;
===========================;
;
Калибровка клеммника 1;
;
Калибровка клеммника 1: K0                                                                           ;0.0000456
Калибровка клеммника 1: K1                                                                           ;0.992255
Калибровка клеммника 1: K2                                                                           ;-0.000112996
Калибровка клеммника 1: K3                                                                           ;-0.00133069
Калибровка клеммника 1: K4                                                                           ;0.0016488
Калибровка клеммника 1: K5                                                                           ;0
Калибровка клеммника 1: K6                                                                           ;0
Калибровка клеммника 1: K7                                                                           ;0
Калибровка клеммника 1: K8                                                                           ;0
;
;
===========================;
;
Калибровка клеммника 2;
;
Калибровка клеммника 2: K0                                                                           ;0
Калибровка клеммника 2: K1                                                                           ;0
Калибровка клеммника 2: K2                                                                           ;0
Калибровка клеммника 2: K3                                                                           ;0
Калибровка клеммника 2: K4                                                                           ;0
Калибровка клеммника 2: K5                                                                           ;0
Калибровка клеммника 2: K6                                                                           ;0
Калибровка клеммника 2: K7                                                                           ;0
Калибровка клеммника 2: K8                                                                           ;0
;
;
===========================;
;
Калибровка клеммника 3;
;
Калибровка клеммника 3: K0                                                                           ;0
Калибровка клеммника 3: K1                                                                           ;0
Калибровка клеммника 3: K2                                                                           ;0
Калибровка клеммника 3: K3                                                                           ;0
Калибровка клеммника 3: K4                                                                           ;0
Калибровка клеммника 3: K5                                                                           ;0
Калибровка клеммника 3: K6                                                                           ;0
Калибровка клеммника 3: K7                                                                           ;0
Калибровка клеммника 3: K8                                                                           ;0
;
;
===========================;
;
Калибровка клеммника 4;
;
Калибровка клеммника 4: K0                                                                           ;0
Калибровка клеммника 4: K1                                                                           ;0
Калибровка клеммника 4: K2                                                                           ;0
Калибровка клеммника 4: K3                                                                           ;0
Калибровка клеммника 4: K4                                                                           ;0
Калибровка клеммника 4: K5                                                                           ;0
Калибровка клеммника 4: K6                                                                           ;0
Калибровка клеммника 4: K7                                                                           ;0
Калибровка клеммника 4: K8                                                                           ;0
;
;
===========================;
;
Номиналы клеммников;
;
Номиналы клеммников: Прибавление Фазы A к Клеммнику 1                                                ; Выкл.
Номиналы клеммников: Прибавление Фазы B к Клеммнику 1                                                ; Выкл.
Номиналы клеммников: Прибавление Фазы C к Клеммнику 1                                                ; Вкл.
Номиналы клеммников: Прибавление Фазы A к Клеммнику 2                                                ; Выкл.
Номиналы клеммников: Прибавление Фазы B к Клеммнику 2                                                ; Выкл.
Номиналы клеммников: Прибавление Фазы C к Клеммнику 2                                                ; Вкл.
Номиналы клеммников: Прибавление Фазы A к Клеммнику 3                                                ; Выкл.
Номиналы клеммников: Прибавление Фазы B к Клеммнику 3                                                ; Выкл.
Номиналы клеммников: Прибавление Фазы C к Клеммнику 3                                                ; Вкл.
Номиналы клеммников: Прибавление Фазы A к Клеммнику 4                                                ; Выкл.
Номиналы клеммников: Прибавление Фазы B к Клеммнику 4                                                ; Выкл.
Номиналы клеммников: Прибавление Фазы C к Клеммнику 4                                                ; Вкл.
Номиналы клеммников: Суммирование по типу B                                                          ; Выкл.
Номиналы клеммников: Номинал клемм.1, A                                                              ;240000
Номиналы клеммников: Номинал клемм.2, A                                                              ;0
Номиналы клеммников: Номинал клемм.3, A                                                              ;0
Номиналы клеммников: Номинал клемм.4, A                                                              ;0
Номиналы клеммников: Прямой ток, A                                                                   ;0
Номиналы клеммников: Обратный ток, A                                                                 ;0
Номиналы клеммников: Температура ЧЭ, C                                                               ;0
Номиналы клеммников: Номинал имп. вых., А                                                            ;360000
Номиналы клеммников: Номинал част. вых.1, A                                                          ;240000
Номиналы клеммников: Номинал част. вых.2, A                                                          ;240000
Номиналы клеммников: Номинал част. вых.3, A                                                          ;240000
Номиналы клеммников: Номинальная частота вых.1, Гц                                                   ;10000
Номиналы клеммников: Значение ЦАП0                                                                   ;0
Номиналы клеммников: Значение ЦАП1                                                                   ;0
Номиналы клеммников: Значение ЦАП2                                                                   ;0
Номиналы клеммников: Пользовательский коэфф.                                                         ;1
Номиналы клеммников: Длина ЧЭ, м                                                                     ;0
Номиналы клеммников: Количетсво витков Фаза А                                                        ;0
Номиналы клеммников: Количетсво витков Фаза B                                                        ;0
Номиналы клеммников: Количетсво витков Фаза C                                                        ;0
Номиналы клеммников: Нижний порог измеряемого тока, %                                                ;0
Номиналы клеммников: Верхний порог измеряемого тока, %                                               ;0
Номиналы клеммников: Номинал Фаза A, А                                                               ;0
Номиналы клеммников: Номинал Фаза B, А                                                               ;0
Номиналы клеммников: Номинал Фаза C, А                                                               ;0
Номиналы клеммников: Гистерезис превышения тока, %                                                   ;0
Номиналы клеммников: Номинальная частота вых.2, Гц                                                   ;10000
Номиналы клеммников: Номинальная частота вых.3, Гц                                                   ;10000
Номиналы клеммников: Частота нуля вых.1, Гц                                                          ;0
Номиналы клеммников: Частота нуля вых.2, Гц                                                          ;0
Номиналы клеммников: Частота нуля вых.3, Гц                                                          ;0
;
;
===========================;
;
Счётчики ошибок;
;
Счётчики ошибок: Флаги тока (Фаза А)                                                                 ;0
Счётчики ошибок: Гармоника 0 (Фаза А)                                                                ;0
Счётчики ошибок: Гармоника 1 (Фаза А)                                                                ;0
Счётчики ошибок: Гармоника 2 (Фаза А)                                                                ;0
Счётчики ошибок: Гармоника 4 (Фаза А)                                                                ;0
Счётчики ошибок: Контраст (Фаза А)                                                                   ;0
Счётчики ошибок: Фи (Фаза А)                                                                         ;0
Счётчики ошибок: Напр. Модуляции (Фаза А)                                                            ;0
Счётчики ошибок: Max First Amp (Фаза А)                                                              ;0
Счётчики ошибок: Max ADC (Фаза А)                                                                    ;0
Счётчики ошибок: Mod Ret (Фаза А)                                                                    ;0
Счётчики ошибок: Uref DAC (Фаза А)                                                                   ;0
Счётчики ошибок: Mod U15 (Фаза А)                                                                    ;0
Счётчики ошибок: Analog U12 (Фаза А)                                                                 ;0
Счётчики ошибок: Input U12 (Фаза А)                                                                  ;0
Счётчики ошибок: Tin (Фаза А)                                                                        ;0
Счётчики ошибок: Флаги тока (Фаза B)                                                                 ;0
Счётчики ошибок: Гармоника 0 (Фаза B)                                                                ;0
Счётчики ошибок: Гармоника 1 (Фаза B)                                                                ;0
Счётчики ошибок: Гармоника 2 (Фаза B)                                                                ;0
Счётчики ошибок: Гармоника 4 (Фаза B)                                                                ;0
Счётчики ошибок: Контраст (Фаза B)                                                                   ;0
Счётчики ошибок: Фи (Фаза B)                                                                         ;0
Счётчики ошибок: Напр. Модуляции (Фаза B)                                                            ;0
Счётчики ошибок: Max First Amp (Фаза B)                                                              ;0
Счётчики ошибок: Max ADC (Фаза B)                                                                    ;0
Счётчики ошибок: Mod Ret (Фаза B)                                                                    ;0
Счётчики ошибок: Uref DAC (Фаза B)                                                                   ;0
Счётчики ошибок: Mod U15 (Фаза B)                                                                    ;0
Счётчики ошибок: Analog U12 (Фаза B)                                                                 ;0
Счётчики ошибок: Input U12 (Фаза B)                                                                  ;0
Счётчики ошибок: Tin (Фаза B)                                                                        ;0
Счётчики ошибок: Флаги тока (Фаза C)                                                                 ;4
Счётчики ошибок: Гармоника 0 (Фаза C)                                                                ;0
Счётчики ошибок: Гармоника 1 (Фаза C)                                                                ;0
Счётчики ошибок: Гармоника 2 (Фаза C)                                                                ;0
Счётчики ошибок: Гармоника 4 (Фаза C)                                                                ;0
Счётчики ошибок: Контраст (Фаза C)                                                                   ;0
Счётчики ошибок: Фи (Фаза C)                                                                         ;37
Счётчики ошибок: Напр. Модуляции (Фаза C)                                                            ;0
Счётчики ошибок: Max First Amp (Фаза C)                                                              ;0
Счётчики ошибок: Max ADC (Фаза C)                                                                    ;0
Счётчики ошибок: Mod Ret (Фаза C)                                                                    ;0
Счётчики ошибок: Uref DAC (Фаза C)                                                                   ;0
Счётчики ошибок: Mod U15 (Фаза C)                                                                    ;0
Счётчики ошибок: Analog U12 (Фаза C)                                                                 ;0
Счётчики ошибок: Input U12 (Фаза C)                                                                  ;0
Счётчики ошибок: Tin (Фаза C)                                                                        ;0
Счётчики ошибок: Ток Лаз. Излучателя                                                                 ;0
Счётчики ошибок: Мощность Лаз. Излучаетля                                                            ;0
Счётчики ошибок: Температура Лаз. Излучателя                                                         ;0
Счётчики ошибок: Таймаут Фаза A                                                                      ;0
Счётчики ошибок: Таймаут Фаза B                                                                      ;0
Счётчики ошибок: Таймаут Фаза C                                                                      ;0
Счётчики ошибок: Таймаут Термометр                                                                   ;0
Счётчики ошибок: Таймаут Лаз. Излучатель                                                             ;0
Счётчики ошибок: Температура MU                                                                      ;0
Счётчики ошибок: Таймаут температура MU                                                              ;0
Счётчики ошибок: Таймаут Вольтметр                                                                   ;0
Счётчики ошибок: Флаги Напряжения(Фаза А)                                                            ;0
Счётчики ошибок: Флаги Напряжения(Фаза B)                                                            ;0
Счётчики ошибок: Флаги Напряжения(Фаза C)                                                            ;0
Счётчики ошибок: Флаг синхронизации 61850                                                            ;0
Счётчики ошибок: Флаги сбоя по питанию                                                               ;0
Счётчики ошибок: Флаги отладки АБТ(Фаза А)                                                           ;0
Счётчики ошибок: Флаги отладки АБТ(Фаза B)                                                           ;0
Счётчики ошибок: Флаги отладки АБТ(Фаза C)                                                           ;0
Счётчики ошибок: Флаги отладки Вольтметра(Фаза А)                                                    ;0
Счётчики ошибок: Флаги отладки Вольтметра(Фаза B)                                                    ;0
Счётчики ошибок: Флаги отладки Вольтметра(Фаза C)                                                    ;0
;
;
===========================;
;
Счётчики предупреждений;
;
Счётчики предупреждений: Флаги тока (Фаза A)                                                         ;0
Счётчики предупреждений: Гармоника 0 (Фаза A)                                                        ;0
Счётчики предупреждений: Гармоника 1 (Фаза A)                                                        ;0
Счётчики предупреждений: Гармоника 2 (Фаза A)                                                        ;0
Счётчики предупреждений: Гармоника 4 (Фаза A)                                                        ;0
Счётчики предупреждений: Контраст (Фаза A)                                                           ;0
Счётчики предупреждений: Фи (Фаза A)                                                                 ;0
Счётчики предупреждений: Напр. Модуляции (Фаза A)                                                    ;0
Счётчики предупреждений: Tin (Фаза A)                                                                ;0
Счётчики предупреждений: Флаги тока (Фаза B)                                                         ;0
Счётчики предупреждений: Гармоника 0 (Фаза B)                                                        ;0
Счётчики предупреждений: Гармоника 1 (Фаза B)                                                        ;0
Счётчики предупреждений: Гармоника 2 (Фаза B)                                                        ;0
Счётчики предупреждений: Гармоника 4 (Фаза B)                                                        ;0
Счётчики предупреждений: Контраст (Фаза B)                                                           ;0
Счётчики предупреждений: Фи (Фаза B)                                                                 ;0
Счётчики предупреждений: Напр. Модуляции (Фаза B)                                                    ;0
Счётчики предупреждений: Tin (Фаза B)                                                                ;0
Счётчики предупреждений: Флаги тока (Фаза C)                                                         ;34
Счётчики предупреждений: Гармоника 0 (Фаза C)                                                        ;0
Счётчики предупреждений: Гармоника 1 (Фаза C)                                                        ;0
Счётчики предупреждений: Гармоника 2 (Фаза C)                                                        ;0
Счётчики предупреждений: Гармоника 4 (Фаза C)                                                        ;0
Счётчики предупреждений: Контраст (Фаза C)                                                           ;0
Счётчики предупреждений: Фи (Фаза C)                                                                 ;6
Счётчики предупреждений: Напр. Модуляции (Фаза C)                                                    ;0
Счётчики предупреждений: Tin (Фаза C)                                                                ;0
Счётчики предупреждений: Термометр (Фаза A)                                                          ;0
Счётчики предупреждений: Термометр (Фаза B)                                                          ;0
Счётчики предупреждений: Термометр (Фаза C)                                                          ;0
Счётчики предупреждений: Ток Лаз. Излучателя                                                         ;0
Счётчики предупреждений: Мощность Лаз. Излучаетля                                                    ;0
Счётчики предупреждений: Температура Лаз. Излучателя                                                 ;0
Счётчики предупреждений: Температура MU                                                              ;0
Счётчики предупреждений: Флаги температуры (Фаза A)                                                  ;0
Счётчики предупреждений: Флаги температуры (Фаза A)                                                  ;0
Счётчики предупреждений: Флаги температуры (Фаза A)                                                  ;0
Счётчики предупреждений: Журнал                                                                      ;0
Счётчики предупреждений: Температура ВМ (Фаза A)                                                     ;0
Счётчики предупреждений: Температура Колонны (Фаза A)                                                ;0
Счётчики предупреждений: Влажность (Фаза А)                                                          ;0
Счётчики предупреждений: Температура ВМ (Фаза B)                                                     ;0
Счётчики предупреждений: Температура Колонны (Фаза B)                                                ;0
Счётчики предупреждений: Влажность (Фаза B)                                                          ;0
Счётчики предупреждений: Температура ВМ (Фаза C)                                                     ;0
Счётчики предупреждений: Температура Колонны (Фаза C)                                                ;0
Счётчики предупреждений: Влажность (Фаза C)                                                          ;0
;
;
===========================;
